//OK[11,10,9,8,7,6,5,4,3,2,10,1,["[Ljava.lang.String;/2600011424"," #234# #person#worked where;%worked where;%formerly worked as;%worked along;%have worked as;%where worked along;%where worked as;%later worked [[con]];%also worked [[adj]];%mainly worked under;%then worked to;%[[con]] worked [[prp]];%who worked;%has worked by;%first worked with;%worked until;%worked with;%then worked from;%later worked;%received awards that gave [[pro]] [[det]] opportunity to continue [[prp]] studies in where worked with;%worked while;%[[num]] worked;%[[con]] worked;%whom worked;%while worked;%that worked along;%have worked with;%has worked from;%often worked with;%worked when;%where worked with;%worked before;%worked as;%who worked under;%then worked as;%also worked under;%worked there;%worked later;%then worked [[con]];%also worked along;%again worked;%also worked [[con]];%who worked with;%worked [[num]];%has worked among;%[[con]] worked as;%later worked as;%then worked along;%have worked under;%had worked with;%since worked [[con]];%had worked to;%again worked with;%worked first;%worked [[adj]];%also worked where;%worked after;%has worked together;%[[adj]] worked for;%worked among;%then worked before;%later worked to;%had worked;%worked mainly;%worked from;%also worked to;%worked [[con]];%where worked for;%had worked under;%later worked on;%worked under;%then worked [[adj]];%has worked;%also worked among;%where worked;%[[adj]] worked as;%has worked until;%which worked;%has worked under;%later worked with;%has worked [[con]];%also worked;%has worked with;%first worked to;%began singing [[con]] followed [[det]] stage career where worked with;%also worked by;%has worked along;%[[con]] worked mainly;%then worked under;%has worked again;%also worked as;%often worked;%worked [[det]];%also worked with;%[[num]] worked with;%[[det]] worked for;%worked by;%worked together;%worked mostly;%later worked under;%worked then;%worked again;%worked was;%has worked as;%that worked with;%since worked with;%also worked together;%worked to;%[[con]] worked later;%then worked where;%as worked;%s worked as;%[[con]] worked with;%then worked;%had worked before;%where worked under;%then worked with;%s worked on;#person#0.624#7#false"," #14485# #person#[[det]] study;%[[det]] study;%[[adj]] study;%study [[con]];%[[con]] study;%[[prp]] study of;%to study [[con]];%study under;%s study of;%[[mod]] study with;%[[adj]] study of;%to study;%study of;%[[det]] study of;%[[mod]] study;%to study with;%study with;%[[mod]] study under;%to study under;#person#0.794#4#true"," #4626# #person#had studied;%had studied;%has studied with;%also studied [[det]];%who studied with;%had studied with;%where studied with;%then studied with;%also studied under;%also studied with;%had studied under;%first studied under;%studied [[det]];%studied first;%studied with;%later studied under;%later studied;%studied later;%where studied under;%studied [[num]];%[[adj]] studied;%[[con]] studied;%where studied [[det]];%also studied [[con]];%where studied;%has studied [[con]];%[[con]] studied under;%[[con]] studied with;%then studied under;%first studied with;%also studied;%also studied as;%studied under;%studied as;%have studied with;%had studied [[adj]];%have studied under;%studied to;%[[num]] studied;%have studied;%later studied with;%has studied under;%studied there;%studied where;#person#0.684#3#true"," #290270# #scientist#studied [[adj]] history;%studied [[adj]] history;#person#0.6#3#false"," #5143# #person#was received;%was received;%that received;%well received [[con]];%[[con]] received;%also received [[prp]];%also received [[adj]];%well received by;%[[pro]] received;%was received [[con]];%also received of;%had received;%who received [[det]];%received [[prp]];%received by;%when received [[det]];%later received [[con]];%later received under;%later received;%also received as;%also received;%where received;%was received to;%received was;%[[adj]] received;%received [[num]];%was received by;%which received;%received with;%later received [[det]];%had received from;%which received [[det]];%also received by;%received more;%then received [[prp]];%have received [[det]];%have received from;%received while;%when received;%received [[det]];%received [[adj]];%[[num]] received;%where received [[det]];%while received;%had received [[adj]];%then received [[det]];%received under;#person#0.88#2#false"," #2132# #person#as assistant;%as assistant;%became assistant [[con]];%[[con]] assistant;%[[prp]] assistant;%became assistant;%[[det]] assistant [[con]];%[[det]] assistant of;%[[det]] assistant to;%[[adj]] assistant of;%assistant to;%s assistant;%[[adj]] assistant for;%[[det]] assistant for;%assistant of;%became assistant to;%[[adj]] assistant to;%[[adj]] assistant [[con]];%was assistant of;%was assistant;%[[det]] assistant;%[[adj]] assistant;#person#0.87#2#true"," #6762# #person#was employed [[con]];%was employed [[con]];%also employed [[det]];%employed [[adj]];%also employed;%was employed on;%had employed;%was employed by;%employed by;%currently employed as;%was employed to;%employed with;%also employed by;%is employed by;%currently employed in;%employed [[det]];%was employed as;%was employed;%employed at;%[[adj]] employed by;%employed to;%was employed with;%is employed as;%been employed;#person#0.811#2#true"," #14725# #person#[[det]] student to;%[[det]] student to;%[[det]] student;%[[adj]] student of;%[[det]] student where;%[[det]] student [[con]];%student [[con]];%[[adj]] student [[con]];%[[adj]] student;%[[prp]] student;%[[con]] student;%[[det]] student of;%student of;%[[det]] student [[det]];#person#0.799#2#true"," #127458# #scientist#also taught by;%also taught by;#person#0.5#2#true"," #287556# #exile#received [[det]] doctorate having studied under;%received [[det]] doctorate having studied under;#person#0.25#3#true"],0,7]